--
-- PostgreSQL database dump
--

-- Dumped from database version 16.2 (Ubuntu 16.2-1.pgdg20.04+1)
-- Dumped by pg_dump version 16.2 (Ubuntu 16.2-1.pgdg20.04+1)

SET statement_timeout = 0;
SET lock_timeout = 0;
SET idle_in_transaction_session_timeout = 0;
SET client_encoding = 'UTF8';
SET standard_conforming_strings = on;
SELECT pg_catalog.set_config('search_path', '', false);
SET check_function_bodies = false;
SET xmloption = content;
SET client_min_messages = warning;
SET row_security = off;

--
-- Name: public; Type: SCHEMA; Schema: -; Owner: postgres
--

-- *not* creating schema, since initdb creates it


ALTER SCHEMA public OWNER TO postgres;

SET default_tablespace = '';

SET default_table_access_method = heap;

--
-- Name: auth_group; Type: TABLE; Schema: public; Owner: postgres
--

CREATE TABLE public.auth_group (
    id integer NOT NULL,
    name character varying(150) NOT NULL
);


ALTER TABLE public.auth_group OWNER TO postgres;

--
-- Name: auth_group_id_seq; Type: SEQUENCE; Schema: public; Owner: postgres
--

ALTER TABLE public.auth_group ALTER COLUMN id ADD GENERATED BY DEFAULT AS IDENTITY (
    SEQUENCE NAME public.auth_group_id_seq
    START WITH 1
    INCREMENT BY 1
    NO MINVALUE
    NO MAXVALUE
    CACHE 1
);


--
-- Name: auth_group_permissions; Type: TABLE; Schema: public; Owner: postgres
--

CREATE TABLE public.auth_group_permissions (
    id bigint NOT NULL,
    group_id integer NOT NULL,
    permission_id integer NOT NULL
);


ALTER TABLE public.auth_group_permissions OWNER TO postgres;

--
-- Name: auth_group_permissions_id_seq; Type: SEQUENCE; Schema: public; Owner: postgres
--

ALTER TABLE public.auth_group_permissions ALTER COLUMN id ADD GENERATED BY DEFAULT AS IDENTITY (
    SEQUENCE NAME public.auth_group_permissions_id_seq
    START WITH 1
    INCREMENT BY 1
    NO MINVALUE
    NO MAXVALUE
    CACHE 1
);


--
-- Name: auth_permission; Type: TABLE; Schema: public; Owner: postgres
--

CREATE TABLE public.auth_permission (
    id integer NOT NULL,
    name character varying(255) NOT NULL,
    content_type_id integer NOT NULL,
    codename character varying(100) NOT NULL
);


ALTER TABLE public.auth_permission OWNER TO postgres;

--
-- Name: auth_permission_id_seq; Type: SEQUENCE; Schema: public; Owner: postgres
--

ALTER TABLE public.auth_permission ALTER COLUMN id ADD GENERATED BY DEFAULT AS IDENTITY (
    SEQUENCE NAME public.auth_permission_id_seq
    START WITH 1
    INCREMENT BY 1
    NO MINVALUE
    NO MAXVALUE
    CACHE 1
);


--
-- Name: auth_user; Type: TABLE; Schema: public; Owner: postgres
--

CREATE TABLE public.auth_user (
    id integer NOT NULL,
    password character varying(128) NOT NULL,
    last_login timestamp with time zone,
    is_superuser boolean NOT NULL,
    username character varying(150) NOT NULL,
    first_name character varying(150) NOT NULL,
    last_name character varying(150) NOT NULL,
    email character varying(254) NOT NULL,
    is_staff boolean NOT NULL,
    is_active boolean NOT NULL,
    date_joined timestamp with time zone NOT NULL
);


ALTER TABLE public.auth_user OWNER TO postgres;

--
-- Name: auth_user_groups; Type: TABLE; Schema: public; Owner: postgres
--

CREATE TABLE public.auth_user_groups (
    id bigint NOT NULL,
    user_id integer NOT NULL,
    group_id integer NOT NULL
);


ALTER TABLE public.auth_user_groups OWNER TO postgres;

--
-- Name: auth_user_groups_id_seq; Type: SEQUENCE; Schema: public; Owner: postgres
--

ALTER TABLE public.auth_user_groups ALTER COLUMN id ADD GENERATED BY DEFAULT AS IDENTITY (
    SEQUENCE NAME public.auth_user_groups_id_seq
    START WITH 1
    INCREMENT BY 1
    NO MINVALUE
    NO MAXVALUE
    CACHE 1
);


--
-- Name: auth_user_id_seq; Type: SEQUENCE; Schema: public; Owner: postgres
--

ALTER TABLE public.auth_user ALTER COLUMN id ADD GENERATED BY DEFAULT AS IDENTITY (
    SEQUENCE NAME public.auth_user_id_seq
    START WITH 1
    INCREMENT BY 1
    NO MINVALUE
    NO MAXVALUE
    CACHE 1
);


--
-- Name: auth_user_user_permissions; Type: TABLE; Schema: public; Owner: postgres
--

CREATE TABLE public.auth_user_user_permissions (
    id bigint NOT NULL,
    user_id integer NOT NULL,
    permission_id integer NOT NULL
);


ALTER TABLE public.auth_user_user_permissions OWNER TO postgres;

--
-- Name: auth_user_user_permissions_id_seq; Type: SEQUENCE; Schema: public; Owner: postgres
--

ALTER TABLE public.auth_user_user_permissions ALTER COLUMN id ADD GENERATED BY DEFAULT AS IDENTITY (
    SEQUENCE NAME public.auth_user_user_permissions_id_seq
    START WITH 1
    INCREMENT BY 1
    NO MINVALUE
    NO MAXVALUE
    CACHE 1
);


--
-- Name: bookapp_books; Type: TABLE; Schema: public; Owner: postgres
--

CREATE TABLE public.bookapp_books (
    id bigint NOT NULL,
    book_name character varying(50) NOT NULL,
    book_img character varying(100),
    book_description character varying(255) NOT NULL,
    books_time date NOT NULL,
    author_id integer,
    book_status_id bigint
);


ALTER TABLE public.bookapp_books OWNER TO postgres;

--
-- Name: bookapp_books_genres; Type: TABLE; Schema: public; Owner: postgres
--

CREATE TABLE public.bookapp_books_genres (
    id bigint NOT NULL,
    books_id bigint NOT NULL,
    genres_id bigint NOT NULL
);


ALTER TABLE public.bookapp_books_genres OWNER TO postgres;

--
-- Name: bookapp_books_genres_id_seq; Type: SEQUENCE; Schema: public; Owner: postgres
--

ALTER TABLE public.bookapp_books_genres ALTER COLUMN id ADD GENERATED BY DEFAULT AS IDENTITY (
    SEQUENCE NAME public.bookapp_books_genres_id_seq
    START WITH 1
    INCREMENT BY 1
    NO MINVALUE
    NO MAXVALUE
    CACHE 1
);


--
-- Name: bookapp_books_id_seq; Type: SEQUENCE; Schema: public; Owner: postgres
--

ALTER TABLE public.bookapp_books ALTER COLUMN id ADD GENERATED BY DEFAULT AS IDENTITY (
    SEQUENCE NAME public.bookapp_books_id_seq
    START WITH 1
    INCREMENT BY 1
    NO MINVALUE
    NO MAXVALUE
    CACHE 1
);


--
-- Name: bookapp_categories; Type: TABLE; Schema: public; Owner: postgres
--

CREATE TABLE public.bookapp_categories (
    id bigint NOT NULL,
    category character varying(25) NOT NULL
);


ALTER TABLE public.bookapp_categories OWNER TO postgres;

--
-- Name: bookapp_categories_id_seq; Type: SEQUENCE; Schema: public; Owner: postgres
--

ALTER TABLE public.bookapp_categories ALTER COLUMN id ADD GENERATED BY DEFAULT AS IDENTITY (
    SEQUENCE NAME public.bookapp_categories_id_seq
    START WITH 1
    INCREMENT BY 1
    NO MINVALUE
    NO MAXVALUE
    CACHE 1
);


--
-- Name: bookapp_genres; Type: TABLE; Schema: public; Owner: postgres
--

CREATE TABLE public.bookapp_genres (
    id bigint NOT NULL,
    genre_name text NOT NULL
);


ALTER TABLE public.bookapp_genres OWNER TO postgres;

--
-- Name: bookapp_genres_id_seq; Type: SEQUENCE; Schema: public; Owner: postgres
--

ALTER TABLE public.bookapp_genres ALTER COLUMN id ADD GENERATED BY DEFAULT AS IDENTITY (
    SEQUENCE NAME public.bookapp_genres_id_seq
    START WITH 1
    INCREMENT BY 1
    NO MINVALUE
    NO MAXVALUE
    CACHE 1
);


--
-- Name: bookapp_news; Type: TABLE; Schema: public; Owner: postgres
--

CREATE TABLE public.bookapp_news (
    id bigint NOT NULL,
    news_name character varying(50) NOT NULL,
    news_time date NOT NULL,
    news_contains character varying(365) NOT NULL,
    news_image character varying(100)
);


ALTER TABLE public.bookapp_news OWNER TO postgres;

--
-- Name: bookapp_news_id_seq; Type: SEQUENCE; Schema: public; Owner: postgres
--

ALTER TABLE public.bookapp_news ALTER COLUMN id ADD GENERATED BY DEFAULT AS IDENTITY (
    SEQUENCE NAME public.bookapp_news_id_seq
    START WITH 1
    INCREMENT BY 1
    NO MINVALUE
    NO MAXVALUE
    CACHE 1
);


--
-- Name: bookapp_parts; Type: TABLE; Schema: public; Owner: postgres
--

CREATE TABLE public.bookapp_parts (
    id bigint NOT NULL,
    part_name text NOT NULL,
    part_content text,
    book_id bigint
);


ALTER TABLE public.bookapp_parts OWNER TO postgres;

--
-- Name: bookapp_parts_id_seq; Type: SEQUENCE; Schema: public; Owner: postgres
--

ALTER TABLE public.bookapp_parts ALTER COLUMN id ADD GENERATED BY DEFAULT AS IDENTITY (
    SEQUENCE NAME public.bookapp_parts_id_seq
    START WITH 1
    INCREMENT BY 1
    NO MINVALUE
    NO MAXVALUE
    CACHE 1
);


--
-- Name: bookapp_status; Type: TABLE; Schema: public; Owner: postgres
--

CREATE TABLE public.bookapp_status (
    id bigint NOT NULL,
    status_name text NOT NULL
);


ALTER TABLE public.bookapp_status OWNER TO postgres;

--
-- Name: bookapp_status_id_seq; Type: SEQUENCE; Schema: public; Owner: postgres
--

ALTER TABLE public.bookapp_status ALTER COLUMN id ADD GENERATED BY DEFAULT AS IDENTITY (
    SEQUENCE NAME public.bookapp_status_id_seq
    START WITH 1
    INCREMENT BY 1
    NO MINVALUE
    NO MAXVALUE
    CACHE 1
);


--
-- Name: django_admin_log; Type: TABLE; Schema: public; Owner: postgres
--

CREATE TABLE public.django_admin_log (
    id integer NOT NULL,
    action_time timestamp with time zone NOT NULL,
    object_id text,
    object_repr character varying(200) NOT NULL,
    action_flag smallint NOT NULL,
    change_message text NOT NULL,
    content_type_id integer,
    user_id integer NOT NULL,
    CONSTRAINT django_admin_log_action_flag_check CHECK ((action_flag >= 0))
);


ALTER TABLE public.django_admin_log OWNER TO postgres;

--
-- Name: django_admin_log_id_seq; Type: SEQUENCE; Schema: public; Owner: postgres
--

ALTER TABLE public.django_admin_log ALTER COLUMN id ADD GENERATED BY DEFAULT AS IDENTITY (
    SEQUENCE NAME public.django_admin_log_id_seq
    START WITH 1
    INCREMENT BY 1
    NO MINVALUE
    NO MAXVALUE
    CACHE 1
);


--
-- Name: django_content_type; Type: TABLE; Schema: public; Owner: postgres
--

CREATE TABLE public.django_content_type (
    id integer NOT NULL,
    app_label character varying(100) NOT NULL,
    model character varying(100) NOT NULL
);


ALTER TABLE public.django_content_type OWNER TO postgres;

--
-- Name: django_content_type_id_seq; Type: SEQUENCE; Schema: public; Owner: postgres
--

ALTER TABLE public.django_content_type ALTER COLUMN id ADD GENERATED BY DEFAULT AS IDENTITY (
    SEQUENCE NAME public.django_content_type_id_seq
    START WITH 1
    INCREMENT BY 1
    NO MINVALUE
    NO MAXVALUE
    CACHE 1
);


--
-- Name: django_migrations; Type: TABLE; Schema: public; Owner: postgres
--

CREATE TABLE public.django_migrations (
    id bigint NOT NULL,
    app character varying(255) NOT NULL,
    name character varying(255) NOT NULL,
    applied timestamp with time zone NOT NULL
);


ALTER TABLE public.django_migrations OWNER TO postgres;

--
-- Name: django_migrations_id_seq; Type: SEQUENCE; Schema: public; Owner: postgres
--

ALTER TABLE public.django_migrations ALTER COLUMN id ADD GENERATED BY DEFAULT AS IDENTITY (
    SEQUENCE NAME public.django_migrations_id_seq
    START WITH 1
    INCREMENT BY 1
    NO MINVALUE
    NO MAXVALUE
    CACHE 1
);


--
-- Name: django_session; Type: TABLE; Schema: public; Owner: postgres
--

CREATE TABLE public.django_session (
    session_key character varying(40) NOT NULL,
    session_data text NOT NULL,
    expire_date timestamp with time zone NOT NULL
);


ALTER TABLE public.django_session OWNER TO postgres;

--
-- Data for Name: auth_group; Type: TABLE DATA; Schema: public; Owner: postgres
--

COPY public.auth_group (id, name) FROM stdin;
\.


--
-- Data for Name: auth_group_permissions; Type: TABLE DATA; Schema: public; Owner: postgres
--

COPY public.auth_group_permissions (id, group_id, permission_id) FROM stdin;
\.


--
-- Data for Name: auth_permission; Type: TABLE DATA; Schema: public; Owner: postgres
--

COPY public.auth_permission (id, name, content_type_id, codename) FROM stdin;
1	Can add log entry	1	add_logentry
2	Can change log entry	1	change_logentry
3	Can delete log entry	1	delete_logentry
4	Can view log entry	1	view_logentry
5	Can add permission	2	add_permission
6	Can change permission	2	change_permission
7	Can delete permission	2	delete_permission
8	Can view permission	2	view_permission
9	Can add group	3	add_group
10	Can change group	3	change_group
11	Can delete group	3	delete_group
12	Can view group	3	view_group
13	Can add user	4	add_user
14	Can change user	4	change_user
15	Can delete user	4	delete_user
16	Can view user	4	view_user
17	Can add content type	5	add_contenttype
18	Can change content type	5	change_contenttype
19	Can delete content type	5	delete_contenttype
20	Can view content type	5	view_contenttype
21	Can add session	6	add_session
22	Can change session	6	change_session
23	Can delete session	6	delete_session
24	Can view session	6	view_session
25	Can add categories	7	add_categories
26	Can change categories	7	change_categories
27	Can delete categories	7	delete_categories
28	Can view categories	7	view_categories
29	Can add Новость	8	add_news
30	Can change Новость	8	change_news
31	Can delete Новость	8	delete_news
32	Can view Новость	8	view_news
33	Can add Книга	9	add_books
34	Can change Книга	9	change_books
35	Can delete Книга	9	delete_books
36	Can view Книга	9	view_books
37	Can add Глава	10	add_parts
38	Can change Глава	10	change_parts
39	Can delete Глава	10	delete_parts
40	Can view Глава	10	view_parts
41	Can add genres	11	add_genres
42	Can change genres	11	change_genres
43	Can delete genres	11	delete_genres
44	Can view genres	11	view_genres
45	Can add status	12	add_status
46	Can change status	12	change_status
47	Can delete status	12	delete_status
48	Can view status	12	view_status
\.


--
-- Data for Name: auth_user; Type: TABLE DATA; Schema: public; Owner: postgres
--

COPY public.auth_user (id, password, last_login, is_superuser, username, first_name, last_name, email, is_staff, is_active, date_joined) FROM stdin;
3	pbkdf2_sha256$600000$zVh5ccNZ31jabKet2vBEmI$/ofRvpWY9bMw5rhsMD0bk/IDT2L8MgT8aCLQr4Q0VYM=	2024-02-20 11:39:52.117201+03	f	123	123	123	123@mail.ru	f	t	2024-02-13 12:12:28.239245+03
10	pbkdf2_sha256$600000$MC9sqMKL3wqDSH69HKW5W1$RdPPmURyO4oNHZnQdMMVTvADAL7yemMIylRwQ1W9tiw=	2024-02-20 22:32:29.099905+03	f	ААААА	КантентКриэйтор	НамберФо	medeya04@gmail.com	f	t	2024-02-20 22:31:26.838965+03
5	pbkdf2_sha256$600000$QOe2lhAYte4Ea6aahXjkMi$wTFZCaN54HyH3fC1M0q+GsfVCH8+/Unge/bLvFwTWUk=	2024-02-20 12:23:23.54413+03	f	Mikadze	Екатерина	Юринова	Katya-yurinova@bk.ru	f	t	2024-02-20 12:23:03.237066+03
4	pbkdf2_sha256$600000$Pi2FN2K38mSna1vyxs9x4c$kuaqLEYwbfUlXE2IFP9fTk9b9BLiWF/nj81RQUbC5HA=	2024-02-21 11:23:15.309153+03	f	RumWar	Данила	Январев	danila.yanvarev2004@gmail.com	f	t	2024-02-20 12:00:21.853266+03
7	pbkdf2_sha256$600000$YekrBpvUeDUYTtDriTyjBy$4Q3xm8RZ2+6Tno7mfiLt+/u71s63OYCL/HZcLU0cMPo=	2024-02-20 12:44:44.517945+03	f	Tr	Ld	Ld	bdbdb@hdhd.jfjf	f	t	2024-02-20 12:44:37.474752+03
6	pbkdf2_sha256$600000$WZAsyLQZFkMO1FZCZ2duVE$vsAbpmuf+QlRihWR+kEpbuXsTOOdh0IKgtM9IF5O6D8=	2024-02-20 12:45:00.806568+03	f	Pashhok	Павел	Иванов	pavel2004162@gmailc.om	f	t	2024-02-20 12:38:26.446209+03
11	pbkdf2_sha256$600000$U2UbtgqqR2Hzn74yHAQuIN$70dMSgD1sgnt7NS7eC+bY0oby6RtDiDVeqx0igMhC4c=	2024-02-21 11:32:58.593662+03	f	kaplya	Данил	Копылов	danil_black200@bk.ru	f	t	2024-02-21 11:32:45.492651+03
8	pbkdf2_sha256$600000$dch8J3J8FE7bjea92ZvVuk$RIHVnxfwtitsTssFZHiS7L1BezAqifquu/XJI2cumrM=	2024-02-20 12:50:26.851331+03	f	1	1	1	1@gmail.com	f	t	2024-02-20 12:50:21.467281+03
9	pbkdf2_sha256$600000$OaDUtvTO8fqsNs30kQmXmP$Ok8EXkuItZj/0MXOpgL2v3E5hZ721KB77ixoVxnnlKI=	2024-02-20 18:20:15.480428+03	f	Steelpack20	Artemiy	Kuzmin	artemiymaps60@gmail.com	f	t	2024-02-20 18:20:07.017329+03
12	pbkdf2_sha256$600000$5EBqS9ptlc6tkrlrI2vQPN$qfGt/JI8psJiUywtYYGNPoYO/1eiQT18E7JPD1dLedk=	\N	f	goosleeng	Милена	Казарьян	milenak29092005@gmail.com	f	t	2024-02-23 14:28:22.608595+03
13	pbkdf2_sha256$600000$jxaUd6kOYbqshGlSyOax6k$IOQUwQ9ioXTW4WzQbfmrMgriwWw1J84YlSvznPa225U=	\N	f	goosleeng_2	Милена	Казарьян	litboss520151@icloud.com	f	t	2024-02-23 14:29:20.161453+03
2	pbkdf2_sha256$600000$i9Dm7rgBynwk4zesZxr9Sn$nxtWBqNqFSc9iwRvvPUNBMyZ3Hqq3+J9yLUcYEUBgww=	2024-02-26 10:35:39.265802+03	f	FloralPashtet	Константин	Пашков	alonakotik@bk.ru	f	t	2024-02-06 17:20:28.325303+03
1	pbkdf2_sha256$600000$dsmitYzF4tbETNgeEm8IXS$CwkmgcrJpDuV9FbgXDjVrAgHihcQ4Nnc4142Lah37AY=	2024-02-26 11:10:10.646746+03	t	admin			hahatun2121@gmail.com	t	t	2024-01-15 05:07:52.270515+03
\.


--
-- Data for Name: auth_user_groups; Type: TABLE DATA; Schema: public; Owner: postgres
--

COPY public.auth_user_groups (id, user_id, group_id) FROM stdin;
\.


--
-- Data for Name: auth_user_user_permissions; Type: TABLE DATA; Schema: public; Owner: postgres
--

COPY public.auth_user_user_permissions (id, user_id, permission_id) FROM stdin;
\.


--
-- Data for Name: bookapp_books; Type: TABLE DATA; Schema: public; Owner: postgres
--

COPY public.bookapp_books (id, book_name, book_img, book_description, books_time, author_id, book_status_id) FROM stdin;
6	Путь Ли Сён Лё	book-cover-asian-fantasy-with-man-hero-473577540_XQRya16.png	У самурая есть лишь путь	2024-01-26	2	2
7	Древние русы	book-cover-ice-age-about-ancient-slavian-people-600575136.png	Великие похождения древних русов	2024-01-26	2	2
13	Зверушки	forest-animals-book-cover-292869803.png	Книга про лес	2024-01-26	5	3
12	Сказ о Киеве	cover-of-the-book-about-the-russian-bogatyr-alyosha-popovich-367493255.png	Книга про Киевскую Русь	2024-01-26	7	3
3	В поисках себя	book-cover-man-trying-to-find-himself-875667083_AtdLjzn.png	Молодой человек ищет себя	2024-01-26	4	1
11	Алёша Попович	-russian-bogatyr-alyosha-popovich-144038845.png	Книга про него	2024-01-26	2	1
8	Новые мстители	book-cover-avengers-938766056.png	Да	2024-01-26	5	2
2	Восточное путешествие	book-cover-with-a-title-and-two-people-traveling-991732893_ppw3vvF.png	Книга о невероятном путешествии Эдуарда и его сестры	2024-01-26	2	3
5	Папаша	book-cover-helluva-boss-409035915_F2GqpeO.png	Повесть о самом крутом бате	2024-01-26	2	3
16	Там, где никого нет	the-cover-of-the-book-not-i-not-we-not-them-and-without-all-997299775.png	Вообще никого...	2024-01-29	4	3
15	Растоптанный ум	the-cover-of-the-book-the-mind-that-walks-on-the-heads-of-others-910989207.png	Книга про книгу	2024-01-29	4	2
10	Семья	book-about-dogs-family-367572253.png	Книжка про семью	2024-01-26	2	2
4	Девчонки	two-girls-one-cup-197376486_TrakkvG.png	Они просто пришли на чай	2024-01-26	2	1
14	Во тьме	Тьма.png	Тёмная-тёмная история	2024-01-29	4	3
9	Алая ведьма	book-cover-scarlet-witch-772168774.png	Ведьмина история	2024-01-26	2	2
38	Кердарыкир	cover.png	Здесь все сломано, даже земля не работает в полную мощность и с перерывами, поэтому часто люди просто летают	2024-02-21	4	2
\.


--
-- Data for Name: bookapp_books_genres; Type: TABLE DATA; Schema: public; Owner: postgres
--

COPY public.bookapp_books_genres (id, books_id, genres_id) FROM stdin;
1	2	2
2	2	3
3	6	1
4	6	2
5	6	3
6	7	3
7	7	4
8	7	5
9	7	6
10	7	7
11	7	8
12	4	2
13	4	10
14	5	9
15	5	2
36	13	10
37	13	2
38	13	3
39	12	8
40	12	5
41	12	7
42	3	8
43	3	9
44	3	3
45	3	5
46	11	2
47	11	3
48	8	9
49	8	2
50	16	8
51	16	9
52	16	3
53	16	4
54	15	10
55	15	4
56	15	6
57	10	1
58	10	3
59	14	10
60	14	6
61	9	9
62	9	3
68	38	1
69	38	2
70	38	9
\.


--
-- Data for Name: bookapp_categories; Type: TABLE DATA; Schema: public; Owner: postgres
--

COPY public.bookapp_categories (id, category) FROM stdin;
3	КАТАЛОГ
2	НОВИНКИ
\.


--
-- Data for Name: bookapp_genres; Type: TABLE DATA; Schema: public; Owner: postgres
--

COPY public.bookapp_genres (id, genre_name) FROM stdin;
1	Романтика
2	Комедия
3	Путешествие
4	Триллер
5	Детектив
6	Ужасы
7	Исторический
8	Драма
9	Научная фантастика
10	Фэнтэзи
\.


--
-- Data for Name: bookapp_news; Type: TABLE DATA; Schema: public; Owner: postgres
--

COPY public.bookapp_news (id, news_name, news_time, news_contains, news_image) FROM stdin;
3	Наш сайт стартовал!	2024-01-22	Ребята, наша команда предоставила вам возможность делится своими произведениями различного формата	Screenshot_1_JmLGlkm.png
4	Работа продолжается	2024-01-26	Сайт обновился	7cca5d03-3634-5a2c-8428-52b6b2c72b19.jfif
\.


--
-- Data for Name: bookapp_parts; Type: TABLE DATA; Schema: public; Owner: postgres
--

COPY public.bookapp_parts (id, part_name, part_content, book_id) FROM stdin;
7	Старт	<p>123123123</p>	7
12	Проверка	<p>вцффвцфвц</p>	7
13	Проверка	<p>фцвфцвфвцыы</p>	7
9	ПОЕХАЛИ!	<p><span style="font-family:Comic Sans MS,cursive"><span style="background-color:#e74c3c">Вы читаете книжку про крутых дядек</span></span></p>	7
14	Хорошее продолжение	<h4 style="text-align:justify">&nbsp;&nbsp;&nbsp;&nbsp;С длинным мечом, украшенным орнаментами, Ли Сён Лё прокладывал себе путь сквозь густой лес. В каждом его движении чувствовалась сила и грация настоящего воина. Он был сосредоточен, готовый принять любые испытания, которые жизнь преподнесет ему на этом пути в поисках истины.Пройдя несколько миль, Ли Сён Лё внезапно оказался перед древним храмом. Его сердце забилось быстрее, ведь именно здесь, по легенде, хранилась мудрость и знания тысячелетий. Он пристально взглянул на таинственные символы, которые указывали на вход в храм. Их значения были ему неизвестны, но он не сомневался в том, что они ведут его к истине.Ли Сён Лё осмотрелся вокруг. Храм был покрыт листвой и пылью, словно бы он ожидал великого воина, который сможет разгадать его загадки. Он решительно поднялся по каменной лестнице и медленно открыл массивные двери храма.Внутри его ожидала тишина и полумрак. Ли Сён Лё прошел по длинному коридору, украшенному фресками с битвами и мудрецами прошлого. Каждая иллюстрация казалась запечатлевшей частичку мудрости и знания.Наконец, в самом глубоком углу храма, Ли Сён Лё увидел свет, проникающий через узкий проход. Он решил последовать за ним и вышел на просторную площадку, где находилась маленькая садовая гора. На вершине горы стоял одинокий старец.Самурай подошел к старцу и склонился перед ним.<br />\r\n&nbsp;&nbsp;&nbsp;&nbsp;Старец улыбнулся и сказал: &quot;Ты пришел в поисках истины, мой молодой друг. Одиночество на этом пути неизбежно, но именно оно поможет тебе обрести мудрость и понять истинную силу внутри себя&quot;.Слова старца пронзили сердце Ли Сён Лё. Он ощутил, как в нем проснулась затаенная сила и решимость продолжить свое путешествие. Он понял, что самурайское приключение, которое только начиналось, приведет его к глубокому познанию, истине и своему истинному предназначению.Со словами благодарности и уважения, Ли Сён Лё поклонился старцу и направился вновь в путь. Его сердце полно было решимости и мужества, ведь он знал, что только самурай, ищущий истину в одиночку, сможет раскрыть свой истинный потенциал и найти свое место в мире.</h4>	6
10	Хорошее начало	<h4 style="text-align:justify"><em>&nbsp;&nbsp;&nbsp;&nbsp;На вершине горы Хуаншань стоял Ли Сён Лё, китайский самурай с острым взглядом и непоколебимым духом. Ветер ласково шептал старинные легенды, вдохновляя его на новые подвиги. Сталь клинка блеснула на солнце, напоминая о его непобедимой силе.</em></h4>\r\n\r\n<h4 style="text-align:justify"><em>Сён Лё пронзал воздух мечом, тренируясь перед грядущим испытанием. Его сердце горело жаждой приключений, жаждой найти истину за пределами горизонта. В его душе гремел голос предков, напоминая, что настоящий воин не знает страха.</em></h4>\r\n\r\n<h4 style="text-align:justify"><em>Внезапно раздался странный шорох. Ли Сён Лё остановился и оглянулся. Перед ним стояла таинственная фигура в черном плаще. Ее глаза сверкали загадкой, словно звезды на небесах.</em></h4>\r\n\r\n<h4 style="text-align:justify"><em>&ldquo;Ты &ndash; Ли Сён Лё, самурай, ищущий истину?&rdquo; &ndash; прозвучал загадочный голос.</em></h4>\r\n\r\n<h4 style="text-align:justify"><em>&ldquo;Да, я &ndash; Ли Сён Лё. Кто ты такой, незнакомец?&rdquo; &ndash; ответил Ли с достоинством.</em></h4>\r\n\r\n<h4 style="text-align:justify"><em>&ldquo;Меня зовут Ханзо, воин из далекой страны. Я пришел с важным посланием. Тебе предстоит великое путешествие, в поисках древней мудрости и силы, способной изменить ход истории&rdquo; &ndash; произнес Ханзо, протягивая руку с замысловатым свитком.</em></h4>\r\n\r\n<h4 style="text-align:justify"><em>&nbsp;&nbsp;&nbsp;&nbsp;Ли Сён Лё принял свиток и взглянул на него. Странные символы мерцали на свету, словно зовущие его к неизведанным просторам. Он понял, что его судьба неразрывно связана с этим заданием.</em></h4>\r\n\r\n<h4 style="text-align:justify"><em>&ldquo;Я приму это испытание, Ханзо. Моя решимость крепка, как сталь моего меча. Пусть начнется наше приключение!&rdquo; &ndash; сказал Ли Сён Лё, поднимаясь на ноги и глядя вперед, куда их вели таинственные символы.</em></h4>	6
\.


--
-- Data for Name: bookapp_status; Type: TABLE DATA; Schema: public; Owner: postgres
--

COPY public.bookapp_status (id, status_name) FROM stdin;
1	Заброшено
2	В процессе
3	Завершено
\.


--
-- Data for Name: django_admin_log; Type: TABLE DATA; Schema: public; Owner: postgres
--

COPY public.django_admin_log (id, action_time, object_id, object_repr, action_flag, change_message, content_type_id, user_id) FROM stdin;
1	2024-01-15 05:11:39.479109+03	1	Categories object (1)	1	[{"added": {}}]	7	1
2	2024-01-15 05:12:02.247079+03	2	Categories object (2)	1	[{"added": {}}]	7	1
3	2024-01-15 05:12:08.736073+03	3	Categories object (3)	1	[{"added": {}}]	7	1
4	2024-01-15 05:22:05.076894+03	3	КАТАЛОГ	2	[{"changed": {"fields": ["Category"]}}]	7	1
5	2024-01-15 05:22:10.058279+03	2	НОВИНКИ	2	[{"changed": {"fields": ["Category"]}}]	7	1
6	2024-01-15 05:22:15.742411+03	1	НОВОСТИ	2	[{"changed": {"fields": ["Category"]}}]	7	1
7	2024-01-22 19:30:38.051508+03	2	Денис сгорел	1	[{"added": {}}]	8	1
8	2024-01-22 19:41:49.900732+03	2	Денис сгорел	3		8	1
9	2024-01-22 19:43:20.914698+03	3	Наш сайт стартовал!	1	[{"added": {}}]	8	1
10	2024-01-22 20:03:13.490877+03	3	Наш сайт стартовал!	2	[{"changed": {"fields": ["News image"]}}]	8	1
11	2024-01-22 20:06:16.953003+03	3	Наш сайт стартовал!	2	[{"changed": {"fields": ["News image"]}}]	8	1
12	2024-01-22 20:07:49.971129+03	3	Наш сайт стартовал!	2	[{"changed": {"fields": ["News image"]}}]	8	1
13	2024-01-22 20:07:55.256897+03	3	Наш сайт стартовал!	2	[{"changed": {"fields": ["News image"]}}]	8	1
14	2024-01-22 21:22:40.078188+03	3	Наш сайт стартовал!	2	[{"changed": {"fields": ["News image"]}}]	8	1
15	2024-01-22 21:22:49.41598+03	3	Наш сайт стартовал!	2	[{"changed": {"fields": ["News image"]}}]	8	1
16	2024-01-22 21:25:14.984013+03	3	Наш сайт стартовал!	2	[{"changed": {"fields": ["News image"]}}]	8	1
17	2024-01-22 21:25:20.287084+03	3	Наш сайт стартовал!	2	[{"changed": {"fields": ["News image"]}}]	8	1
18	2024-01-22 21:25:37.593009+03	3	Наш сайт стартовал!	2	[{"changed": {"fields": ["News image"]}}]	8	1
19	2024-01-22 21:25:43.597966+03	3	Наш сайт стартовал!	2	[{"changed": {"fields": ["News image"]}}]	8	1
20	2024-01-22 21:31:14.604803+03	3	Наш сайт стартовал!	2	[{"changed": {"fields": ["News image"]}}]	8	1
21	2024-01-22 21:31:19.770581+03	3	Наш сайт стартовал!	2	[{"changed": {"fields": ["News image"]}}]	8	1
22	2024-01-22 21:32:33.691546+03	3	Наш сайт стартовал!	2	[{"changed": {"fields": ["News image"]}}]	8	1
23	2024-01-22 21:32:43.086357+03	3	Наш сайт стартовал!	2	[{"changed": {"fields": ["News image"]}}]	8	1
24	2024-01-22 21:34:14.350808+03	3	Наш сайт стартовал!	2	[{"changed": {"fields": ["News image"]}}]	8	1
25	2024-01-22 21:34:19.408249+03	3	Наш сайт стартовал!	2	[{"changed": {"fields": ["News image"]}}]	8	1
26	2024-01-22 21:38:33.659332+03	3	Наш сайт стартовал!	2	[{"changed": {"fields": ["News image"]}}]	8	1
27	2024-01-22 21:38:40.468969+03	3	Наш сайт стартовал!	2	[{"changed": {"fields": ["News image"]}}]	8	1
28	2024-01-24 17:24:33.504692+03	1	НОВОСТИ	3		7	1
29	2024-01-26 16:51:30.964876+03	4	Работа продолжается	1	[{"added": {}}]	8	1
30	2024-01-26 21:34:36.082726+03	2	Восточное путешествие	1	[{"added": {}}]	9	1
31	2024-01-26 21:44:51.655912+03	3	В поисках себя	1	[{"added": {}}]	9	1
32	2024-01-26 21:47:15.980965+03	4	Девчонки	1	[{"added": {}}]	9	1
33	2024-01-26 21:48:47.854583+03	5	Папаша	1	[{"added": {}}]	9	1
34	2024-01-26 21:53:08.380365+03	6	Путь Ли Сён Лё	1	[{"added": {}}]	9	1
35	2024-01-26 21:55:56.650401+03	7	Древние русы	1	[{"added": {}}]	9	1
36	2024-01-26 22:03:20.404909+03	8	Новые мстители	1	[{"added": {}}]	9	1
37	2024-01-26 22:03:48.549875+03	9	Алая ведьма	1	[{"added": {}}]	9	1
38	2024-01-26 22:09:47.170491+03	10	Семья	1	[{"added": {}}]	9	1
39	2024-01-26 22:13:31.32925+03	11	Алёша Попович	1	[{"added": {}}]	9	1
40	2024-01-26 22:13:53.379264+03	12	Сказ о Киеве	1	[{"added": {}}]	9	1
41	2024-01-26 22:14:05.32114+03	12	Сказ о Киеве	2	[{"changed": {"fields": ["Book img"]}}]	9	1
42	2024-01-26 22:16:11.225076+03	13	Зверушки	1	[{"added": {}}]	9	1
43	2024-01-29 11:14:24.50533+03	14	Во тьме	1	[{"added": {}}]	9	1
44	2024-01-29 11:14:54.441134+03	15	Растоптанный ум	1	[{"added": {}}]	9	1
45	2024-01-29 11:15:35.444088+03	16	Там, где никого нет	1	[{"added": {}}]	9	1
46	2024-01-29 11:18:29.660331+03	4	Девчонки	2	[{"changed": {"fields": ["Book description"]}}]	9	1
47	2024-01-29 14:04:14.648912+03	14	Во тьме	2	[{"changed": {"fields": ["Book description"]}}]	9	1
48	2024-01-29 14:04:35.188678+03	14	Во тьме	2	[{"changed": {"fields": ["Book description"]}}]	9	1
49	2024-01-29 14:05:16.204633+03	14	Во тьме	2	[{"changed": {"fields": ["Book description"]}}]	9	1
50	2024-02-12 10:06:30.450891+03	1	Путешествие	1	[{"added": {}}]	11	1
51	2024-02-12 10:06:35.793596+03	2	Триллер	1	[{"added": {}}]	11	1
52	2024-02-12 10:06:41.640953+03	3	Драма	1	[{"added": {}}]	11	1
53	2024-02-12 10:06:53.030484+03	4	Ужасы	1	[{"added": {}}]	11	1
54	2024-02-12 10:06:58.905759+03	5	Комедия	1	[{"added": {}}]	11	1
55	2024-02-12 10:07:09.753734+03	6	Мелодрама	1	[{"added": {}}]	11	1
56	2024-02-12 10:07:13.895652+03	7	Романтика	1	[{"added": {}}]	11	1
57	2024-02-12 10:07:17.610712+03	8	Детектив	1	[{"added": {}}]	11	1
58	2024-02-12 10:07:52.675894+03	9	Повесть	1	[{"added": {}}]	11	1
59	2024-02-12 10:08:41.350293+03	6	Путь Ли Сён Лё	2	[{"changed": {"fields": ["Book genres"]}}]	9	1
60	2024-02-12 11:11:24.275975+03	1	Романтика	1	[{"added": {}}]	11	1
61	2024-02-12 11:11:31.937483+03	2	Комедия	1	[{"added": {}}]	11	1
62	2024-02-12 11:11:37.676121+03	3	Путешествие	1	[{"added": {}}]	11	1
63	2024-02-12 11:11:41.865912+03	4	Триллер	1	[{"added": {}}]	11	1
64	2024-02-12 11:11:59.026997+03	5	Детектив	1	[{"added": {}}]	11	1
65	2024-02-12 11:12:08.632296+03	6	Ужасы	1	[{"added": {}}]	11	1
66	2024-02-12 11:12:27.805996+03	2	Восточное путешествие	2	[{"changed": {"fields": ["Genres"]}}]	9	1
67	2024-02-12 18:32:04.211288+03	6	Путь Ли Сён Лё	2	[{"changed": {"fields": ["Genres"]}}]	9	1
68	2024-02-13 12:00:41.992248+03	7	Древние русы	2	[{"changed": {"fields": ["Genres"]}}]	9	1
69	2024-02-13 12:09:42.190667+03	4	Девчонки	2	[{"changed": {"fields": ["Genres"]}}]	9	1
70	2024-02-13 12:10:25.478677+03	5	Папаша	2	[{"changed": {"fields": ["Genres", "Author"]}}]	9	1
71	2024-02-13 12:14:24.40716+03	17	НЕLР	1	[{"added": {}}]	9	1
72	2024-02-13 20:06:40.326634+03	27	Моё сокровище	3		9	1
73	2024-02-13 20:06:40.328634+03	26	HELLO	3		9	1
74	2024-02-13 20:06:40.329635+03	25	dwawad	3		9	1
75	2024-02-13 20:06:40.330635+03	24	dwawad	3		9	1
76	2024-02-13 20:06:40.331635+03	23	dwawad	3		9	1
77	2024-02-13 20:06:40.331635+03	22	dwawad	3		9	1
78	2024-02-13 20:06:40.332634+03	21	dwawad	3		9	1
79	2024-02-13 20:06:40.332634+03	20	dwawad	3		9	1
80	2024-02-13 20:06:40.333636+03	17	НЕLР	3		9	1
81	2024-02-16 19:14:49.59704+03	33	АЫАЫАЫЫА	3		9	1
82	2024-02-16 19:14:49.60304+03	32	ПРОВЕРКА	3		9	1
83	2024-02-16 19:14:49.60304+03	31	ВФЦВЦФ	3		9	1
84	2024-02-16 19:14:49.60404+03	30	awdawdawd	3		9	1
85	2024-02-16 19:14:49.60404+03	29	Проверка	3		9	1
86	2024-02-16 19:14:49.605041+03	28	Моё сокровище	3		9	1
87	2024-02-20 19:03:15.295543+03	35	Дорога биопроблем: начало	2	[{"changed": {"fields": ["Book img"]}}]	9	1
88	2024-02-20 22:04:23.264759+03	6	Путь Ли Сён Лё	2	[{"changed": {"fields": ["Book status"]}}]	9	1
89	2024-02-20 22:04:30.649891+03	7	Древние русы	2	[{"changed": {"fields": ["Book status"]}}]	9	1
90	2024-02-20 22:05:01.830065+03	13	Зверушки	2	[{"changed": {"fields": ["Book status", "Genres", "Author"]}}]	9	1
91	2024-02-20 22:05:33.230308+03	12	Сказ о Киеве	2	[{"changed": {"fields": ["Book status", "Genres", "Author"]}}]	9	1
92	2024-02-20 22:06:06.465438+03	3	В поисках себя	2	[{"changed": {"fields": ["Book status", "Genres", "Author"]}}]	9	1
93	2024-02-20 22:06:29.910349+03	11	Алёша Попович	2	[{"changed": {"fields": ["Book status", "Genres", "Author"]}}]	9	1
94	2024-02-20 22:06:51.084673+03	8	Новые мстители	2	[{"changed": {"fields": ["Book status", "Genres", "Author"]}}]	9	1
95	2024-02-20 22:08:02.789198+03	2	Восточное путешествие	2	[{"changed": {"fields": ["Book status", "Author"]}}]	9	1
96	2024-02-20 22:08:30.332077+03	5	Папаша	2	[{"changed": {"fields": ["Book status", "Author"]}}]	9	1
97	2024-02-20 22:08:50.850025+03	16	Там, где никого нет	2	[{"changed": {"fields": ["Book status", "Genres", "Author"]}}]	9	1
98	2024-02-20 22:09:17.014707+03	15	Растоптанный ум	2	[{"changed": {"fields": ["Book status", "Genres", "Author"]}}]	9	1
99	2024-02-20 22:09:42.497941+03	34	dawwad	3		9	1
100	2024-02-20 22:10:27.887749+03	10	Семья	2	[{"changed": {"fields": ["Book status", "Genres", "Author"]}}]	9	1
101	2024-02-20 22:10:38.918389+03	4	Девчонки	2	[{"changed": {"fields": ["Book status"]}}]	9	1
102	2024-02-20 22:11:04.734842+03	14	Во тьме	2	[{"changed": {"fields": ["Book status", "Genres", "Author"]}}]	9	1
103	2024-02-20 22:11:37.439858+03	9	Алая ведьма	2	[{"changed": {"fields": ["Book status", "Genres", "Author"]}}]	9	1
104	2024-02-21 11:39:22.559331+03	40	wadwadad	3		9	1
105	2024-02-21 11:39:22.562803+03	39	wadwadad	3		9	1
106	2024-02-21 11:39:22.564783+03	37	wadwadwadwadwad	3		9	1
107	2024-02-21 11:39:22.5688+03	36	Кердарыкир	3		9	1
108	2024-02-21 13:38:36.882838+03	38	Кердарыкир	2	[{"changed": {"fields": ["Book img"]}}]	9	1
109	2024-02-21 13:43:11.083077+03	38	Кердарыкир	2	[{"changed": {"fields": ["Book img"]}}]	9	1
110	2024-02-22 20:33:41.93137+03	8	Лютый челик Ли Сён Лё	3		10	1
111	2024-02-22 20:33:41.935204+03	5	wadwad	3		10	1
112	2024-02-22 20:33:41.937056+03	4	wadwadwad	3		10	1
113	2024-02-22 20:33:41.939121+03	3	Start	3		10	1
114	2024-02-22 20:33:41.94084+03	2	ТЕСТ	3		10	1
115	2024-02-22 20:33:41.942876+03	1	цфвцфвцфвцфв	3		10	1
116	2024-02-22 20:33:52.344544+03	6	Привет	3		10	1
117	2024-02-23 22:08:50.903517+03	15	НОВЫЙ КРУТОЙ ТЕСТ	3		10	1
118	2024-02-24 21:22:32.357985+03	35	Дорога биопроблем: начало	3		9	1
119	2024-02-24 21:22:59.376683+03	16	ы	3		10	1
120	2024-02-25 23:16:28.368348+03	9	ПОЕХАЛИ!	2	[{"changed": {"fields": ["Part content"]}}]	10	1
121	2024-02-26 11:10:35.958604+03	10	Хорошее начало	2	[{"changed": {"fields": ["Part content"]}}]	10	1
122	2024-02-26 11:11:35.852005+03	14	Хорошее продолжение	2	[{"changed": {"fields": ["Part content"]}}]	10	1
123	2024-02-26 12:44:17.590518+03	41	НОВАЯ КНИГА	3		9	1
124	2024-02-26 12:56:16.301033+03	38	Кердарыкир	2	[{"changed": {"fields": ["Book img"]}}]	9	1
\.


--
-- Data for Name: django_content_type; Type: TABLE DATA; Schema: public; Owner: postgres
--

COPY public.django_content_type (id, app_label, model) FROM stdin;
1	admin	logentry
2	auth	permission
3	auth	group
4	auth	user
5	contenttypes	contenttype
6	sessions	session
7	bookapp	categories
8	bookapp	news
9	bookapp	books
10	bookapp	parts
11	bookapp	genres
12	bookapp	status
\.


--
-- Data for Name: django_migrations; Type: TABLE DATA; Schema: public; Owner: postgres
--

COPY public.django_migrations (id, app, name, applied) FROM stdin;
1	contenttypes	0001_initial	2024-01-15 05:05:53.539752+03
2	auth	0001_initial	2024-01-15 05:05:54.646103+03
3	admin	0001_initial	2024-01-15 05:05:55.068657+03
4	admin	0002_logentry_remove_auto_add	2024-01-15 05:05:55.087604+03
5	admin	0003_logentry_add_action_flag_choices	2024-01-15 05:05:55.097577+03
6	contenttypes	0002_remove_content_type_name	2024-01-15 05:05:55.135988+03
7	auth	0002_alter_permission_name_max_length	2024-01-15 05:05:55.156971+03
8	auth	0003_alter_user_email_max_length	2024-01-15 05:05:55.163955+03
9	auth	0004_alter_user_username_opts	2024-01-15 05:05:55.168941+03
10	auth	0005_alter_user_last_login_null	2024-01-15 05:05:55.174925+03
11	auth	0006_require_contenttypes_0002	2024-01-15 05:05:55.175923+03
12	auth	0007_alter_validators_add_error_messages	2024-01-15 05:05:55.181907+03
13	auth	0008_alter_user_username_max_length	2024-01-15 05:05:55.231667+03
14	auth	0009_alter_user_last_name_max_length	2024-01-15 05:05:55.238653+03
15	auth	0010_alter_group_name_max_length	2024-01-15 05:05:55.24763+03
16	auth	0011_update_proxy_permissions	2024-01-15 05:05:55.252615+03
17	auth	0012_alter_user_first_name_max_length	2024-01-15 05:05:55.259597+03
18	bookapp	0001_initial	2024-01-15 05:05:55.293236+03
19	sessions	0001_initial	2024-01-15 05:05:55.507331+03
20	bookapp	0002_news_alter_categories_options	2024-01-22 19:25:33.04776+03
21	bookapp	0003_news_news_image	2024-01-22 20:01:14.789109+03
22	bookapp	0004_alter_news_news_image	2024-01-22 20:07:15.094135+03
23	bookapp	0005_alter_news_news_image	2024-01-22 21:31:04.342891+03
24	bookapp	0006_alter_news_news_image	2024-01-22 21:34:04.035121+03
25	bookapp	0007_books	2024-01-26 21:29:45.337747+03
26	bookapp	0008_parts	2024-02-06 17:19:15.189458+03
27	bookapp	0009_registration	2024-02-06 17:19:15.222378+03
28	bookapp	0010_delete_registration	2024-02-06 17:19:15.287202+03
29	bookapp	0011_books_author	2024-02-06 17:19:15.353028+03
30	bookapp	0008_books_author_parts	2024-02-06 17:26:16.288557+03
31	bookapp	0009_genres_books_book_genres	2024-02-12 10:03:41.811096+03
32	bookapp	0009_genres_alter_parts_book_books_genres	2024-02-12 11:01:10.626483+03
33	bookapp	0010_alter_genres_options_books_book_status_and_more	2024-02-13 00:20:15.410949+03
34	bookapp	0011_status_alter_books_book_img_alter_books_books_time	2024-02-13 13:25:32.38169+03
35	bookapp	0002_alter_books_books_time	2024-02-13 13:45:11.515312+03
36	bookapp	0003_alter_books_books_time	2024-02-13 19:56:31.034452+03
\.


--
-- Data for Name: django_session; Type: TABLE DATA; Schema: public; Owner: postgres
--

COPY public.django_session (session_key, session_data, expire_date) FROM stdin;
juvvxtg3tfe2lxls9g9tcrnl7v2kfj1g	.eJxVjEEOwiAQRe_C2hAoYAeX7nsGMgODVA0kpV0Z765NutDtf-_9lwi4rSVsnZcwJ3ERWpx-N8L44LqDdMd6azK2ui4zyV2RB-1yaomf18P9OyjYy7dWVntCj2hsAiQ16CFqm0EZE_Nok2N2OCqyHsAq8k7nc0QwkLVBRhDvD9ouN8Q:1rPCOV:-As4sV1iGpKRYPMBhkN3aJIWiDA6phS9UfdI9oEn62E	2024-01-29 05:08:07.383487+03
d1wcvna9vy9adp1o545256d4o3c2yavg	.eJxVjEEOwiAQRe_C2hAoYAeX7nsGMgODVA0kpV0Z765NutDtf-_9lwi4rSVsnZcwJ3ERWpx-N8L44LqDdMd6azK2ui4zyV2RB-1yaomf18P9OyjYy7dWVntCj2hsAiQ16CFqm0EZE_Nok2N2OCqyHsAq8k7nc0QwkLVBRhDvD9ouN8Q:1rRx7l:OBT3cFhbW5qedcDhKUdvA3IOfpqqxoBHAu68nkETMXY	2024-02-05 19:26:13.308853+03
nyi6d135y901rpxxqlnqhgvinraaqzvm	.eJxVjEEOwiAQRe_C2hAoYAeX7nsGMgODVA0kpV0Z765NutDtf-_9lwi4rSVsnZcwJ3ERWpx-N8L44LqDdMd6azK2ui4zyV2RB-1yaomf18P9OyjYy7dWVntCj2hsAiQ16CFqm0EZE_Nok2N2OCqyHsAq8k7nc0QwkLVBRhDvD9ouN8Q:1rTMbh:4MWhBIyNSahsCKHURgYdVhokDx_Ol9aUSB7HwlvIOgM	2024-02-09 16:50:57.295886+03
zu0wwxsfm3ex7ixe7exuqzdozup1mvoc	.eJxVjEEOwiAQRe_C2hAoYAeX7nsGMgODVA0kpV0Z765NutDtf-_9lwi4rSVsnZcwJ3ERWpx-N8L44LqDdMd6azK2ui4zyV2RB-1yaomf18P9OyjYy7dWVntCj2hsAiQ16CFqm0EZE_Nok2N2OCqyHsAq8k7nc0QwkLVBRhDvD9ouN8Q:1rUPQW:uzlVuRyPEGzflkRIMU_5_d3lM2M2kmoSJ-fYT4BbkF8	2024-02-12 14:03:44.192859+03
knib76z28928wgp226upvyowhabbrobq	.eJxVjEEOwiAQAP_C2RAKlLIevfcNZBcWqRqalPZk_Lsh6UGvM5N5i4DHXsLReAtLElehxeWXEcYn1y7SA-t9lXGt-7aQ7Ik8bZPzmvh1O9u_QcFW-taMCgbwBJNz3mrM4KK3k9EJx4Q2K3SIDKxMJPIWvBm0J8PZRmAw4vMFwug3iw:1rXMJR:DfT3ZoV1javKEHtHh-6cw2RpqhocafmNM2z04yfvPas	2024-02-20 17:20:37.606844+03
5zpf55pf66rajtkzkof9l9ubb1os4n7n	.eJxVjEEOwiAQRe_C2hAoYAeX7nsGMgODVA0kpV0Z765NutDtf-_9lwi4rSVsnZcwJ3ERWpx-N8L44LqDdMd6azK2ui4zyV2RB-1yaomf18P9OyjYy7dWVntCj2hsAiQ16CFqm0EZE_Nok2N2OCqyHsAq8k7nc0QwkLVBRhDvD9ouN8Q:1rZRPA:y5w97Y7OOTcHqj_eeGxNryAhx3phAHuHJX8qwrWWtzk	2024-02-26 11:11:08.547058+03
pe4z3p4syh8kfj4xeph8acbgnqexnjaq	.eJxVjEEOwiAQAP_C2RAKlLIevfcNZBcWqRqalPZk_Lsh6UGvM5N5i4DHXsLReAtLElehxeWXEcYn1y7SA-t9lXGt-7aQ7Ik8bZPzmvh1O9u_QcFW-taMCgbwBJNz3mrM4KK3k9EJx4Q2K3SIDKxMJPIWvBm0J8PZRmAw4vMFwug3iw:1rZbyO:ltEC3R_dvHxKn2o9bhFDlsvXmtMSjefaXXPBXyaptbg	2024-02-26 22:28:12.080118+03
6qoar8rnih2iez6cf0v8h2aw9n6jzf4t	.eJxVjEEOwiAQAP_C2RAKlLIevfcNZBcWqRqalPZk_Lsh6UGvM5N5i4DHXsLReAtLElehxeWXEcYn1y7SA-t9lXGt-7aQ7Ik8bZPzmvh1O9u_QcFW-taMCgbwBJNz3mrM4KK3k9EJx4Q2K3SIDKxMJPIWvBm0J8PZRmAw4vMFwug3iw:1rZpdH:afjOTDOL7XouKHt1PBrfn2FJDFgzFcHWBYANs4jlq4Y	2024-02-27 13:03:19.566541+03
664tpe4mfzweao45jeh40vapm2pc2qj4	.eJxVjEEOwiAQAP_C2RAKlLIevfcNZBcWqRqalPZk_Lsh6UGvM5N5i4DHXsLReAtLElehxeWXEcYn1y7SA-t9lXGt-7aQ7Ik8bZPzmvh1O9u_QcFW-taMCgbwBJNz3mrM4KK3k9EJx4Q2K3SIDKxMJPIWvBm0J8PZRmAw4vMFwug3iw:1rZwFI:sFI-fRhTRCSEmpuN7P7CcthCjbGCDF8ykIJVABnB5tI	2024-02-27 20:07:00.642197+03
lg47g710ga3ys6quqzhfcx9jmn19f496	.eJxVjEEOwiAQAP_C2RAKlLIevfcNZBcWqRqalPZk_Lsh6UGvM5N5i4DHXsLReAtLElehxeWXEcYn1y7SA-t9lXGt-7aQ7Ik8bZPzmvh1O9u_QcFW-taMCgbwBJNz3mrM4KK3k9EJx4Q2K3SIDKxMJPIWvBm0J8PZRmAw4vMFwug3iw:1rb37p:PMvT9XzzCEXnRVWnEPeMcIxyCV8dmb8W5ElkcaViHjw	2024-03-01 21:39:53.674396+03
8wh1ftwr2r8k0fmwmjlpgr6i3pcz1ox3	.eJxVjMsOwiAQRf-FtSE8ChlcuvcbyAwMUjWQlHZl_Hdt0oVu7znnvkTEba1xG7zEOYuz0OL0uxGmB7cd5Du2W5ept3WZSe6KPOiQ1575eTncv4OKo37r5I0hDcEVn4MCVr4AhgIBlGKN3rFldCaB8YVxmiCQt5bIBMgFiMX7A9cEN_M:1rcLfc:F8q9Al_wu251LYQDe924BCNvcj-kMa2H5u_NQ2kVtko	2024-03-05 11:40:08.714539+03
gzw81vctlx1cfgl5piwre1wozn4iflxr	.eJxVjMEOwiAQRP-FsyFtgV3w6L3fQGAXpGpoUtqT8d9tkx40mdO8N_MWPmxr8VtLi59YXIURl98uBnqmegB-hHqfJc11XaYoD0WetMlx5vS6ne7fQQmt7OsU0e2xAUlTiJ3SatDZKWeh70CRAWKIqCwSIzIC9pxNHpICIHJZfL7dXzfO:1rcMLT:SovgHMPHDev5PRDfClo-O_GfUtxiskzN8m7WgrKlHZs	2024-03-05 12:23:23.551233+03
7ayhc2o4stndqf0llheplxzk0vyjxwqx	.eJxVjMsOwiAQRf-FtSED5VWX7v0GAswgVQNJaVfGf1eSLnR7zrn3xXzYt-L3TqtfkJ2ZYadfFkN6UB0C76HeGk-tbusS-Uj4YTu_NqTn5Wj_Dkro5btOGSBnsDIrO6ElADRJi0kH4TAaoXFGIQeACZ2SblaUDIlEJgKCZO8P2Sk3YQ:1rcMg3:bauzw8cW-xP0VRSECgEkWAoG2V-QuWfy2QRHNoHoWBA	2024-03-05 12:44:39.656225+03
ys5s1b76bnajka9qozi6e48ec2guv57h	.eJxVjDsOwjAQBe_iGln-7a5CSc8ZLG_sxQHkSHFSIe4OkVJA-2bmvVRM21rj1ssSp6zOitTpd-M0PkrbQb6ndpv1OLd1mVjvij5o19c5l-flcP8Oaur1WwMD8pC8JyAKYgidkYHRUTAiPrAYHxxhEce5lIApgxUQsB4JrVPvD8h3NyE:1rcMg7:TIu_D3VfwUOf0JQ0Q5mkX-kfwmYsqc7bt-kIKoxVa7o	2024-03-05 12:44:43.902442+03
h9uf4znmu4qqjddfercr52rt4zmkkdsb	.eJxVjMsOwiAQRf-FtSE8ChlcuvcbyAwMUjWQlHZl_Hdt0oVu7znnvkTEba1xG7zEOYuz0OL0uxGmB7cd5Du2W5ept3WZSe6KPOiQ1575eTncv4OKo37r5I0hDcEVn4MCVr4AhgIBlGKN3rFldCaB8YVxmiCQt5bIBMgFiMX7A9cEN_M:1rcMhK:A5CyRa1x_k3qd-6zG5C8mxwzIapniB5ZPQCB8mmqZ1E	2024-03-05 12:45:58.836121+03
69r9kqszvnez6c30qhp4v9q24hertlg8	.eJxVjEEOwiAQRe_C2hCghYJL956BDDODVA0kpV0Z765NutDtf-_9l4iwrSVunZc4kzgLL06_WwJ8cN0B3aHemsRW12VOclfkQbu8NuLn5XD_Dgr08q2BLNjsVbKjy6zJkB_MaMD5EBiJNVIAPbBzqLLiKWW0Aybrw8SOwYv3BwRHONg:1rcMle:fIlGmvcmsc3iwgrE8JYiPrAOE79ix5inKaqL6MSLtOw	2024-03-05 12:50:26.853983+03
aj65mpt8y1wmrtmq7bp9nzy3kdoy84ad	.eJxVjEEOwiAQRe_C2hAYKIMu3fcMZIBBqoYmpV0Z765NutDtf-_9lwi0rTVsnZcwZXERZ3H63SKlB7cd5Du12yzT3NZlinJX5EG7HOfMz-vh_h1U6vVbp-iM9QY8UXbaWiqusPYmGjCZwVqPMDAoSOiVjgrRDpxQIzoXC7N4fwDRrzdJ:1rcRup:mXa8ct0R3Kk8zsZuosIjcFN_rlevMEVJpyU3_Zce2dM	2024-03-05 18:20:15.48713+03
5uhe2mjpykgro0jdrq66qa1jqvbq2p02	.eJxVjMEOwiAQRP-FsyGAFMGj934D2WUXqRqalPZk_Hdp0oPeJvPezFtE2NYSt8ZLnEhchRGn3w4hPbnugB5Q77NMc12XCeWuyIM2Oc7Er9vh_h0UaKWvh6wxZzJas6JsgXpGl8APHBCcQQhBg2FrKZ_NhRU4733Q5EmlTsTnCxzxOO4:1rcSUi:TefVk0Rq63ybi9jWdN6HlQN6nnHZ52YvJw3sx1KmAPQ	2024-03-05 18:57:20.017556+03
bj7ls5evp3lhodfpsp5gn7zon6zn23a4	.eJxVjMEOwiAQRP-FsyGAFMGj934D2WUXqRqalPZk_Hdp0oPeJvPezFtE2NYSt8ZLnEhchRGn3w4hPbnugB5Q77NMc12XCeWuyIM2Oc7Er9vh_h0UaKWvh6wxZzJas6JsgXpGl8APHBCcQQhBg2FrKZ_NhRU4733Q5EmlTsTnCxzxOO4:1rcSY3:Ss-gOjwqQ8eLnvVWGsgmSoauLbX4iOn3HH-sDINjalo	2024-03-05 19:00:47.177444+03
l4ufsfwh74a841a7syt9xvqcrl428m6r	.eJxVjDsOwjAQBe_iGller9cfSnrOYPmLA8iR4qRC3B0ipYD2zcx7MR-2tfltlMVPmZ0ZCHb6HWNIj9J3ku-h32ae5r4uU-S7wg86-HXO5Xk53L-DFkb71jpZQiypVMwgq6YqnRFESJYESREsGR0NOqXAUQJTFERVUVgAhU6y9wfY8zYs:1rcVqv:39VLdYV4nh4tpCaOCFPjVRAyrSNgPpXbQoR4yxpX8a4	2024-03-05 22:32:29.102843+03
w5ecsi1nid01ozxqatt7oex3i9xlvl86	.eJxVjMsOwiAQRf-FtSG8wgwu3fsNZCiDVA0kpV0Z_12bdKHbe865LxFpW2vcBi9xzuIsnDj9bommB7cd5Du1W5dTb-syJ7kr8qBDXnvm5-Vw_w4qjfqtkRnAWDIarAPvjVKEYFVKVie02lHI3hMGjYUcO5UYi3fIAdBCUeL9AbO5NsY:1rchsp:f54YnW9r9IeSoKY-OE9ZV-rWMbjdYfn6pQs58FEg3c0	2024-03-06 11:23:15.313335+03
03qv8mh44atl7crthdk3dtrzi00wet6c	.eJxVjEEOwiAQRe_C2hCGKUJduu8ZyACDVA0kpV0Z765NutDtf-_9l_C0rcVvnRc_J3ERAOL0OwaKD647SXeqtyZjq-syB7kr8qBdTi3x83q4fweFevnW2mJAFRVlxmDPGZmsSYDjGJEG5cAORlun7RADMLDmbDRQJMSUXFbi_QH7Rzfu:1rci2D:mhp7-MOXxVfK3QfnBA3XcsDfO7j4DH7WXxkgk1OPtt0	2024-03-06 11:32:57.473228+03
ksqn1sv1r8f0w569dc66yn9ph980ouwt	.eJxVjMsOwiAQRf-FtSEwPHXp3m8gDAxSNZCUdmX8d9ukC93ec859sxDXpYZ10BymzC5MstPvhjE9qe0gP2K7d556W-YJ-a7wgw5-65le18P9O6hx1K22VoOQTkA2pDwQxIRUirao0EOO0pCUwiOeQXubCjpftDZCkaMts-zzBdLcN2c:1rcjze:ioI-ahDnAOCu4-SKiUVg27ykLoIw6zaXrj03Y5cmYII	2024-03-06 13:38:26.443792+03
\.


--
-- Name: auth_group_id_seq; Type: SEQUENCE SET; Schema: public; Owner: postgres
--

SELECT pg_catalog.setval('public.auth_group_id_seq', 1, false);


--
-- Name: auth_group_permissions_id_seq; Type: SEQUENCE SET; Schema: public; Owner: postgres
--

SELECT pg_catalog.setval('public.auth_group_permissions_id_seq', 1, false);


--
-- Name: auth_permission_id_seq; Type: SEQUENCE SET; Schema: public; Owner: postgres
--

SELECT pg_catalog.setval('public.auth_permission_id_seq', 48, true);


--
-- Name: auth_user_groups_id_seq; Type: SEQUENCE SET; Schema: public; Owner: postgres
--

SELECT pg_catalog.setval('public.auth_user_groups_id_seq', 1, false);


--
-- Name: auth_user_id_seq; Type: SEQUENCE SET; Schema: public; Owner: postgres
--

SELECT pg_catalog.setval('public.auth_user_id_seq', 13, true);


--
-- Name: auth_user_user_permissions_id_seq; Type: SEQUENCE SET; Schema: public; Owner: postgres
--

SELECT pg_catalog.setval('public.auth_user_user_permissions_id_seq', 1, false);


--
-- Name: bookapp_books_genres_id_seq; Type: SEQUENCE SET; Schema: public; Owner: postgres
--

SELECT pg_catalog.setval('public.bookapp_books_genres_id_seq', 76, true);


--
-- Name: bookapp_books_id_seq; Type: SEQUENCE SET; Schema: public; Owner: postgres
--

SELECT pg_catalog.setval('public.bookapp_books_id_seq', 41, true);


--
-- Name: bookapp_categories_id_seq; Type: SEQUENCE SET; Schema: public; Owner: postgres
--

SELECT pg_catalog.setval('public.bookapp_categories_id_seq', 3, true);


--
-- Name: bookapp_genres_id_seq; Type: SEQUENCE SET; Schema: public; Owner: postgres
--

SELECT pg_catalog.setval('public.bookapp_genres_id_seq', 10, true);


--
-- Name: bookapp_news_id_seq; Type: SEQUENCE SET; Schema: public; Owner: postgres
--

SELECT pg_catalog.setval('public.bookapp_news_id_seq', 4, true);


--
-- Name: bookapp_parts_id_seq; Type: SEQUENCE SET; Schema: public; Owner: postgres
--

SELECT pg_catalog.setval('public.bookapp_parts_id_seq', 17, true);


--
-- Name: bookapp_status_id_seq; Type: SEQUENCE SET; Schema: public; Owner: postgres
--

SELECT pg_catalog.setval('public.bookapp_status_id_seq', 3, true);


--
-- Name: django_admin_log_id_seq; Type: SEQUENCE SET; Schema: public; Owner: postgres
--

SELECT pg_catalog.setval('public.django_admin_log_id_seq', 124, true);


--
-- Name: django_content_type_id_seq; Type: SEQUENCE SET; Schema: public; Owner: postgres
--

SELECT pg_catalog.setval('public.django_content_type_id_seq', 12, true);


--
-- Name: django_migrations_id_seq; Type: SEQUENCE SET; Schema: public; Owner: postgres
--

SELECT pg_catalog.setval('public.django_migrations_id_seq', 36, true);


--
-- Name: auth_group auth_group_name_key; Type: CONSTRAINT; Schema: public; Owner: postgres
--

ALTER TABLE ONLY public.auth_group
    ADD CONSTRAINT auth_group_name_key UNIQUE (name);


--
-- Name: auth_group_permissions auth_group_permissions_group_id_permission_id_0cd325b0_uniq; Type: CONSTRAINT; Schema: public; Owner: postgres
--

ALTER TABLE ONLY public.auth_group_permissions
    ADD CONSTRAINT auth_group_permissions_group_id_permission_id_0cd325b0_uniq UNIQUE (group_id, permission_id);


--
-- Name: auth_group_permissions auth_group_permissions_pkey; Type: CONSTRAINT; Schema: public; Owner: postgres
--

ALTER TABLE ONLY public.auth_group_permissions
    ADD CONSTRAINT auth_group_permissions_pkey PRIMARY KEY (id);


--
-- Name: auth_group auth_group_pkey; Type: CONSTRAINT; Schema: public; Owner: postgres
--

ALTER TABLE ONLY public.auth_group
    ADD CONSTRAINT auth_group_pkey PRIMARY KEY (id);


--
-- Name: auth_permission auth_permission_content_type_id_codename_01ab375a_uniq; Type: CONSTRAINT; Schema: public; Owner: postgres
--

ALTER TABLE ONLY public.auth_permission
    ADD CONSTRAINT auth_permission_content_type_id_codename_01ab375a_uniq UNIQUE (content_type_id, codename);


--
-- Name: auth_permission auth_permission_pkey; Type: CONSTRAINT; Schema: public; Owner: postgres
--

ALTER TABLE ONLY public.auth_permission
    ADD CONSTRAINT auth_permission_pkey PRIMARY KEY (id);


--
-- Name: auth_user_groups auth_user_groups_pkey; Type: CONSTRAINT; Schema: public; Owner: postgres
--

ALTER TABLE ONLY public.auth_user_groups
    ADD CONSTRAINT auth_user_groups_pkey PRIMARY KEY (id);


--
-- Name: auth_user_groups auth_user_groups_user_id_group_id_94350c0c_uniq; Type: CONSTRAINT; Schema: public; Owner: postgres
--

ALTER TABLE ONLY public.auth_user_groups
    ADD CONSTRAINT auth_user_groups_user_id_group_id_94350c0c_uniq UNIQUE (user_id, group_id);


--
-- Name: auth_user auth_user_pkey; Type: CONSTRAINT; Schema: public; Owner: postgres
--

ALTER TABLE ONLY public.auth_user
    ADD CONSTRAINT auth_user_pkey PRIMARY KEY (id);


--
-- Name: auth_user_user_permissions auth_user_user_permissions_pkey; Type: CONSTRAINT; Schema: public; Owner: postgres
--

ALTER TABLE ONLY public.auth_user_user_permissions
    ADD CONSTRAINT auth_user_user_permissions_pkey PRIMARY KEY (id);


--
-- Name: auth_user_user_permissions auth_user_user_permissions_user_id_permission_id_14a6b632_uniq; Type: CONSTRAINT; Schema: public; Owner: postgres
--

ALTER TABLE ONLY public.auth_user_user_permissions
    ADD CONSTRAINT auth_user_user_permissions_user_id_permission_id_14a6b632_uniq UNIQUE (user_id, permission_id);


--
-- Name: auth_user auth_user_username_key; Type: CONSTRAINT; Schema: public; Owner: postgres
--

ALTER TABLE ONLY public.auth_user
    ADD CONSTRAINT auth_user_username_key UNIQUE (username);


--
-- Name: bookapp_books_genres bookapp_books_genres_books_id_genres_id_5faaf39a_uniq; Type: CONSTRAINT; Schema: public; Owner: postgres
--

ALTER TABLE ONLY public.bookapp_books_genres
    ADD CONSTRAINT bookapp_books_genres_books_id_genres_id_5faaf39a_uniq UNIQUE (books_id, genres_id);


--
-- Name: bookapp_books_genres bookapp_books_genres_pkey; Type: CONSTRAINT; Schema: public; Owner: postgres
--

ALTER TABLE ONLY public.bookapp_books_genres
    ADD CONSTRAINT bookapp_books_genres_pkey PRIMARY KEY (id);


--
-- Name: bookapp_books bookapp_books_pkey; Type: CONSTRAINT; Schema: public; Owner: postgres
--

ALTER TABLE ONLY public.bookapp_books
    ADD CONSTRAINT bookapp_books_pkey PRIMARY KEY (id);


--
-- Name: bookapp_categories bookapp_categories_pkey; Type: CONSTRAINT; Schema: public; Owner: postgres
--

ALTER TABLE ONLY public.bookapp_categories
    ADD CONSTRAINT bookapp_categories_pkey PRIMARY KEY (id);


--
-- Name: bookapp_genres bookapp_genres_pkey; Type: CONSTRAINT; Schema: public; Owner: postgres
--

ALTER TABLE ONLY public.bookapp_genres
    ADD CONSTRAINT bookapp_genres_pkey PRIMARY KEY (id);


--
-- Name: bookapp_news bookapp_news_pkey; Type: CONSTRAINT; Schema: public; Owner: postgres
--

ALTER TABLE ONLY public.bookapp_news
    ADD CONSTRAINT bookapp_news_pkey PRIMARY KEY (id);


--
-- Name: bookapp_parts bookapp_parts_pkey; Type: CONSTRAINT; Schema: public; Owner: postgres
--

ALTER TABLE ONLY public.bookapp_parts
    ADD CONSTRAINT bookapp_parts_pkey PRIMARY KEY (id);


--
-- Name: bookapp_status bookapp_status_pkey; Type: CONSTRAINT; Schema: public; Owner: postgres
--

ALTER TABLE ONLY public.bookapp_status
    ADD CONSTRAINT bookapp_status_pkey PRIMARY KEY (id);


--
-- Name: django_admin_log django_admin_log_pkey; Type: CONSTRAINT; Schema: public; Owner: postgres
--

ALTER TABLE ONLY public.django_admin_log
    ADD CONSTRAINT django_admin_log_pkey PRIMARY KEY (id);


--
-- Name: django_content_type django_content_type_app_label_model_76bd3d3b_uniq; Type: CONSTRAINT; Schema: public; Owner: postgres
--

ALTER TABLE ONLY public.django_content_type
    ADD CONSTRAINT django_content_type_app_label_model_76bd3d3b_uniq UNIQUE (app_label, model);


--
-- Name: django_content_type django_content_type_pkey; Type: CONSTRAINT; Schema: public; Owner: postgres
--

ALTER TABLE ONLY public.django_content_type
    ADD CONSTRAINT django_content_type_pkey PRIMARY KEY (id);


--
-- Name: django_migrations django_migrations_pkey; Type: CONSTRAINT; Schema: public; Owner: postgres
--

ALTER TABLE ONLY public.django_migrations
    ADD CONSTRAINT django_migrations_pkey PRIMARY KEY (id);


--
-- Name: django_session django_session_pkey; Type: CONSTRAINT; Schema: public; Owner: postgres
--

ALTER TABLE ONLY public.django_session
    ADD CONSTRAINT django_session_pkey PRIMARY KEY (session_key);


--
-- Name: auth_group_name_a6ea08ec_like; Type: INDEX; Schema: public; Owner: postgres
--

CREATE INDEX auth_group_name_a6ea08ec_like ON public.auth_group USING btree (name varchar_pattern_ops);


--
-- Name: auth_group_permissions_group_id_b120cbf9; Type: INDEX; Schema: public; Owner: postgres
--

CREATE INDEX auth_group_permissions_group_id_b120cbf9 ON public.auth_group_permissions USING btree (group_id);


--
-- Name: auth_group_permissions_permission_id_84c5c92e; Type: INDEX; Schema: public; Owner: postgres
--

CREATE INDEX auth_group_permissions_permission_id_84c5c92e ON public.auth_group_permissions USING btree (permission_id);


--
-- Name: auth_permission_content_type_id_2f476e4b; Type: INDEX; Schema: public; Owner: postgres
--

CREATE INDEX auth_permission_content_type_id_2f476e4b ON public.auth_permission USING btree (content_type_id);


--
-- Name: auth_user_groups_group_id_97559544; Type: INDEX; Schema: public; Owner: postgres
--

CREATE INDEX auth_user_groups_group_id_97559544 ON public.auth_user_groups USING btree (group_id);


--
-- Name: auth_user_groups_user_id_6a12ed8b; Type: INDEX; Schema: public; Owner: postgres
--

CREATE INDEX auth_user_groups_user_id_6a12ed8b ON public.auth_user_groups USING btree (user_id);


--
-- Name: auth_user_user_permissions_permission_id_1fbb5f2c; Type: INDEX; Schema: public; Owner: postgres
--

CREATE INDEX auth_user_user_permissions_permission_id_1fbb5f2c ON public.auth_user_user_permissions USING btree (permission_id);


--
-- Name: auth_user_user_permissions_user_id_a95ead1b; Type: INDEX; Schema: public; Owner: postgres
--

CREATE INDEX auth_user_user_permissions_user_id_a95ead1b ON public.auth_user_user_permissions USING btree (user_id);


--
-- Name: auth_user_username_6821ab7c_like; Type: INDEX; Schema: public; Owner: postgres
--

CREATE INDEX auth_user_username_6821ab7c_like ON public.auth_user USING btree (username varchar_pattern_ops);


--
-- Name: bookapp_books_author_id_cebf4554; Type: INDEX; Schema: public; Owner: postgres
--

CREATE INDEX bookapp_books_author_id_cebf4554 ON public.bookapp_books USING btree (author_id);


--
-- Name: bookapp_books_genres_books_id_2ffcbb4b; Type: INDEX; Schema: public; Owner: postgres
--

CREATE INDEX bookapp_books_genres_books_id_2ffcbb4b ON public.bookapp_books_genres USING btree (books_id);


--
-- Name: bookapp_books_genres_genres_id_6e4bf004; Type: INDEX; Schema: public; Owner: postgres
--

CREATE INDEX bookapp_books_genres_genres_id_6e4bf004 ON public.bookapp_books_genres USING btree (genres_id);


--
-- Name: bookapp_parts_book_id_c931b003; Type: INDEX; Schema: public; Owner: postgres
--

CREATE INDEX bookapp_parts_book_id_c931b003 ON public.bookapp_parts USING btree (book_id);


--
-- Name: django_admin_log_content_type_id_c4bce8eb; Type: INDEX; Schema: public; Owner: postgres
--

CREATE INDEX django_admin_log_content_type_id_c4bce8eb ON public.django_admin_log USING btree (content_type_id);


--
-- Name: django_admin_log_user_id_c564eba6; Type: INDEX; Schema: public; Owner: postgres
--

CREATE INDEX django_admin_log_user_id_c564eba6 ON public.django_admin_log USING btree (user_id);


--
-- Name: django_session_expire_date_a5c62663; Type: INDEX; Schema: public; Owner: postgres
--

CREATE INDEX django_session_expire_date_a5c62663 ON public.django_session USING btree (expire_date);


--
-- Name: django_session_session_key_c0390e0f_like; Type: INDEX; Schema: public; Owner: postgres
--

CREATE INDEX django_session_session_key_c0390e0f_like ON public.django_session USING btree (session_key varchar_pattern_ops);


--
-- Name: auth_group_permissions auth_group_permissio_permission_id_84c5c92e_fk_auth_perm; Type: FK CONSTRAINT; Schema: public; Owner: postgres
--

ALTER TABLE ONLY public.auth_group_permissions
    ADD CONSTRAINT auth_group_permissio_permission_id_84c5c92e_fk_auth_perm FOREIGN KEY (permission_id) REFERENCES public.auth_permission(id) DEFERRABLE INITIALLY DEFERRED;


--
-- Name: auth_group_permissions auth_group_permissions_group_id_b120cbf9_fk_auth_group_id; Type: FK CONSTRAINT; Schema: public; Owner: postgres
--

ALTER TABLE ONLY public.auth_group_permissions
    ADD CONSTRAINT auth_group_permissions_group_id_b120cbf9_fk_auth_group_id FOREIGN KEY (group_id) REFERENCES public.auth_group(id) DEFERRABLE INITIALLY DEFERRED;


--
-- Name: auth_permission auth_permission_content_type_id_2f476e4b_fk_django_co; Type: FK CONSTRAINT; Schema: public; Owner: postgres
--

ALTER TABLE ONLY public.auth_permission
    ADD CONSTRAINT auth_permission_content_type_id_2f476e4b_fk_django_co FOREIGN KEY (content_type_id) REFERENCES public.django_content_type(id) DEFERRABLE INITIALLY DEFERRED;


--
-- Name: auth_user_groups auth_user_groups_group_id_97559544_fk_auth_group_id; Type: FK CONSTRAINT; Schema: public; Owner: postgres
--

ALTER TABLE ONLY public.auth_user_groups
    ADD CONSTRAINT auth_user_groups_group_id_97559544_fk_auth_group_id FOREIGN KEY (group_id) REFERENCES public.auth_group(id) DEFERRABLE INITIALLY DEFERRED;


--
-- Name: auth_user_groups auth_user_groups_user_id_6a12ed8b_fk_auth_user_id; Type: FK CONSTRAINT; Schema: public; Owner: postgres
--

ALTER TABLE ONLY public.auth_user_groups
    ADD CONSTRAINT auth_user_groups_user_id_6a12ed8b_fk_auth_user_id FOREIGN KEY (user_id) REFERENCES public.auth_user(id) DEFERRABLE INITIALLY DEFERRED;


--
-- Name: auth_user_user_permissions auth_user_user_permi_permission_id_1fbb5f2c_fk_auth_perm; Type: FK CONSTRAINT; Schema: public; Owner: postgres
--

ALTER TABLE ONLY public.auth_user_user_permissions
    ADD CONSTRAINT auth_user_user_permi_permission_id_1fbb5f2c_fk_auth_perm FOREIGN KEY (permission_id) REFERENCES public.auth_permission(id) DEFERRABLE INITIALLY DEFERRED;


--
-- Name: auth_user_user_permissions auth_user_user_permissions_user_id_a95ead1b_fk_auth_user_id; Type: FK CONSTRAINT; Schema: public; Owner: postgres
--

ALTER TABLE ONLY public.auth_user_user_permissions
    ADD CONSTRAINT auth_user_user_permissions_user_id_a95ead1b_fk_auth_user_id FOREIGN KEY (user_id) REFERENCES public.auth_user(id) DEFERRABLE INITIALLY DEFERRED;


--
-- Name: bookapp_books bookapp_books_author_id_cebf4554_fk_auth_user_id; Type: FK CONSTRAINT; Schema: public; Owner: postgres
--

ALTER TABLE ONLY public.bookapp_books
    ADD CONSTRAINT bookapp_books_author_id_cebf4554_fk_auth_user_id FOREIGN KEY (author_id) REFERENCES public.auth_user(id) DEFERRABLE INITIALLY DEFERRED;


--
-- Name: bookapp_books_genres bookapp_books_genres_books_id_2ffcbb4b_fk_bookapp_books_id; Type: FK CONSTRAINT; Schema: public; Owner: postgres
--

ALTER TABLE ONLY public.bookapp_books_genres
    ADD CONSTRAINT bookapp_books_genres_books_id_2ffcbb4b_fk_bookapp_books_id FOREIGN KEY (books_id) REFERENCES public.bookapp_books(id) DEFERRABLE INITIALLY DEFERRED;


--
-- Name: bookapp_books_genres bookapp_books_genres_genres_id_6e4bf004_fk_bookapp_genres_id; Type: FK CONSTRAINT; Schema: public; Owner: postgres
--

ALTER TABLE ONLY public.bookapp_books_genres
    ADD CONSTRAINT bookapp_books_genres_genres_id_6e4bf004_fk_bookapp_genres_id FOREIGN KEY (genres_id) REFERENCES public.bookapp_genres(id) DEFERRABLE INITIALLY DEFERRED;


--
-- Name: bookapp_parts bookapp_parts_book_id_c931b003_fk_bookapp_books_id; Type: FK CONSTRAINT; Schema: public; Owner: postgres
--

ALTER TABLE ONLY public.bookapp_parts
    ADD CONSTRAINT bookapp_parts_book_id_c931b003_fk_bookapp_books_id FOREIGN KEY (book_id) REFERENCES public.bookapp_books(id) DEFERRABLE INITIALLY DEFERRED;


--
-- Name: bookapp_books books_id; Type: FK CONSTRAINT; Schema: public; Owner: postgres
--

ALTER TABLE ONLY public.bookapp_books
    ADD CONSTRAINT books_id FOREIGN KEY (book_status_id) REFERENCES public.bookapp_status(id) NOT VALID;


--
-- Name: django_admin_log django_admin_log_content_type_id_c4bce8eb_fk_django_co; Type: FK CONSTRAINT; Schema: public; Owner: postgres
--

ALTER TABLE ONLY public.django_admin_log
    ADD CONSTRAINT django_admin_log_content_type_id_c4bce8eb_fk_django_co FOREIGN KEY (content_type_id) REFERENCES public.django_content_type(id) DEFERRABLE INITIALLY DEFERRED;


--
-- Name: django_admin_log django_admin_log_user_id_c564eba6_fk_auth_user_id; Type: FK CONSTRAINT; Schema: public; Owner: postgres
--

ALTER TABLE ONLY public.django_admin_log
    ADD CONSTRAINT django_admin_log_user_id_c564eba6_fk_auth_user_id FOREIGN KEY (user_id) REFERENCES public.auth_user(id) DEFERRABLE INITIALLY DEFERRED;


--
-- Name: SCHEMA public; Type: ACL; Schema: -; Owner: postgres
--

REVOKE USAGE ON SCHEMA public FROM PUBLIC;
GRANT ALL ON SCHEMA public TO PUBLIC;


--
-- PostgreSQL database dump complete
--

